nome,variedade,rega,microorganismo,repeticao
T1_C_F1_R1,T1,controle,F1,R1
T1_C_F1_R2,T1,controle,F1,R2
T1_C_F1_R3,T1,controle,F1,R3
T1_C_F2_R1,T1,controle,F2,R1
T1_C_F2_R2,T1,controle,F2,R2
T1_C_F2_R3,T1,controle,F2,R3
T1_C_B1_R1,T1,controle,B1,R1
T1_C_B1_R2,T1,controle,B1,R2
T1_C_B1_R3,T1,controle,B1,R3
T1_C_B2_R1,T1,controle,B2,R1
T1_C_B2_R2,T1,controle,B2,R2
T1_C_B2_R3,T1,controle,B2,R3
T1_C_C_R1,T1,controle,C,R1
T1_C_C_R2,T1,controle,C,R2
T1_C_C_R3,T1,controle,C,R3
T1_E_F1_R1,T1,estresse,F1,R1
T1_E_F1_R2,T1,estresse,F1,R2
T1_E_F1_R3,T1,estresse,F1,R3
T1_E_F2_R1,T1,estresse,F2,R1
T1_E_F2_R2,T1,estresse,F2,R2
T1_E_F2_R3,T1,estresse,F2,R3
T1_E_B1_R1,T1,estresse,B1,R1
T1_E_B1_R2,T1,estresse,B1,R2
T1_E_B1_R3,T1,estresse,B1,R3
T1_E_B2_R1,T1,estresse,B2,R1
T1_E_B2_R2,T1,estresse,B2,R2
T1_E_B2_R3,T1,estresse,B2,R3
T1_E_C_R1,T1,estresse,C,R1
T1_E_C_R2,T1,estresse,C,R2
T1_E_C_R3,T1,estresse,C,R3
T2_C_F1_R1,T2,controle,F1,R1
T2_C_F1_R2,T2,controle,F1,R2
T2_C_F1_R3,T2,controle,F1,R3
T2_C_F2_R1,T2,controle,F2,R1
T2_C_F2_R2,T2,controle,F2,R2
T2_C_F2_R3,T2,controle,F2,R3
T2_C_B1_R1,T2,controle,B1,R1
T2_C_B1_R2,T2,controle,B1,R2
T2_C_B1_R3,T2,controle,B1,R3
T2_C_B2_R1,T2,controle,B2,R1
T2_C_B2_R2,T2,controle,B2,R2
T2_C_B2_R3,T2,controle,B2,R3
T2_C_C_R1,T2,controle,C,R1
T2_C_C_R2,T2,controle,C,R2
T2_C_C_R3,T2,controle,C,R3
T2_E_F1_R1,T2,estresse,F1,R1
T2_E_F1_R2,T2,estresse,F1,R2
T2_E_F1_R3,T2,estresse,F1,R3
T2_E_F2_R1,T2,estresse,F2,R1
T2_E_F2_R2,T2,estresse,F2,R2
T2_E_F2_R3,T2,estresse,F2,R3
T2_E_B1_R1,T2,estresse,B1,R1
T2_E_B1_R2,T2,estresse,B1,R2
T2_E_B1_R3,T2,estresse,B1,R3
T2_E_B2_R1,T2,estresse,B2,R1
T2_E_B2_R2,T2,estresse,B2,R2
T2_E_B2_R3,T2,estresse,B2,R3
T2_E_C_R1,T2,estresse,C,R1
T2_E_C_R2,T2,estresse,C,R2
T2_E_C_R3,T2,estresse,C,R3
T3_C_F1_R1,T3,controle,F1,R1
T3_C_F1_R2,T3,controle,F1,R2
T3_C_F1_R3,T3,controle,F1,R3
T3_C_F2_R1,T3,controle,F2,R1
T3_C_F2_R2,T3,controle,F2,R2
T3_C_F2_R3,T3,controle,F2,R3
T3_C_B1_R1,T3,controle,B1,R1
T3_C_B1_R2,T3,controle,B1,R2
T3_C_B1_R3,T3,controle,B1,R3
T3_C_B2_R1,T3,controle,B2,R1
T3_C_B2_R2,T3,controle,B2,R2
T3_C_B2_R3,T3,controle,B2,R3
T3_C_C_R1,T3,controle,C,R1
T3_C_C_R2,T3,controle,C,R2
T3_C_C_R3,T3,controle,C,R3
T3_E_F1_R1,T3,estresse,F1,R1
T3_E_F1_R2,T3,estresse,F1,R2
T3_E_F1_R3,T3,estresse,F1,R3
T3_E_F2_R1,T3,estresse,F2,R1
T3_E_F2_R2,T3,estresse,F2,R2
T3_E_F2_R3,T3,estresse,F2,R3
T3_E_B1_R1,T3,estresse,B1,R1
T3_E_B1_R2,T3,estresse,B1,R2
T3_E_B1_R3,T3,estresse,B1,R3
T3_E_B2_R1,T3,estresse,B2,R1
T3_E_B2_R2,T3,estresse,B2,R2
T3_E_B2_R3,T3,estresse,B2,R3
T3_E_C_R1,T3,estresse,C,R1
T3_E_C_R2,T3,estresse,C,R2
T3_E_C_R3,T3,estresse,C,R3
